City_ID,City,Country,Lat,Lng,Max Temp,Humidity,Cloudiness,Wind Speed,Current Description
0,Albany,US,42.6,-73.97,57.33,98,99,2.36,overcast clouds
1,Rikitea,PF,-23.12,-134.97,69.24,58,51,9.59,broken clouds
2,Dingle,PH,11.0,122.67,77.14,90,93,2.9,overcast clouds
3,Bluff,NZ,-46.6,168.33,34.81,66,86,10.89,light snow
4,Butaritari,KI,3.07,172.79,81.7,70,29,8.87,scattered clouds
5,Ribeira Grande,PT,38.52,-28.7,68.4,88,75,3.09,light intensity shower rain
6,Sitka,US,57.05,-135.33,55.54,89,100,3.52,overcast clouds
7,Ishigaki,JP,24.34,124.16,81.81,76,3,6.89,clear sky
8,Port Alfred,ZA,-33.59,26.89,65.68,85,100,6.33,overcast clouds
9,Namibe,AO,-15.2,12.15,66.65,81,23,5.33,few clouds
10,Busselton,AU,-33.65,115.33,52.43,59,62,4.59,broken clouds
11,Atuona,PF,-9.8,-139.03,77.13,66,88,8.47,overcast clouds
12,Mataura,NZ,-46.19,168.86,34.48,81,100,3.33,snow
13,Qaanaaq,GL,77.48,-69.36,9.3,73,95,3.28,overcast clouds
14,Bambous Virieux,MU,-20.34,57.76,72.21,73,40,3.6,scattered clouds
15,Victoria Point,AU,-27.58,153.3,64.9,92,100,0.45,overcast clouds
16,Geraldton,AU,-28.77,114.6,59.41,67,100,5.66,overcast clouds
17,Cayenne,GF,4.93,-52.33,89.64,55,0,4.12,clear sky
18,Anastacio,BR,-20.48,-55.81,98.38,33,48,5.2,scattered clouds
19,Muyezerskiy,RU,63.93,31.65,42.15,96,62,2.27,broken clouds
20,Georgetown,MY,5.41,100.34,78.73,93,40,2.06,moderate rain
21,Antibes,FR,43.56,7.13,74.68,74,0,3.09,clear sky
22,Kendari,ID,-3.94,122.5,76.41,90,100,0.13,overcast clouds
23,Wenchi,GH,7.74,-2.1,82.38,75,45,0.89,light rain
24,Avarua,CK,-21.21,-159.78,73.45,83,75,4.63,broken clouds
25,Biga,TR,40.23,27.24,66.06,51,18,7.47,few clouds
26,Chuy,UY,-33.7,-53.46,68.2,53,29,6.05,scattered clouds
27,Zima,RU,53.92,102.04,31.35,75,83,1.58,broken clouds
28,Paita,PE,-5.09,-81.11,70.14,65,22,5.36,few clouds
29,Ushuaia,AR,-54.8,-68.3,46.38,68,100,3.24,overcast clouds
30,Las Vegas,US,36.17,-115.14,82.81,28,0,1.54,clear sky
31,Makakilo City,US,21.35,-158.09,72.99,86,35,3.21,scattered clouds
32,Turan,VN,16.07,108.22,80.58,94,40,2.06,scattered clouds
33,Pevek,RU,69.7,170.31,28.04,67,100,3.74,overcast clouds
34,East London,ZA,-33.02,27.91,68.02,75,83,2.92,broken clouds
35,Husavik,IS,66.04,-17.34,36.55,98,100,14.12,overcast clouds
36,Saskylakh,RU,71.92,114.08,8.08,97,95,2.24,overcast clouds
37,Puerto Ayora,EC,-0.74,-90.35,73.36,92,78,1.79,broken clouds
38,San Cristobal,VE,7.77,-72.22,75.38,67,59,0.91,broken clouds
39,Tomatlan,MX,19.93,-105.25,82.38,73,46,0.25,scattered clouds
40,Portobelo,PA,9.55,-79.65,87.12,73,100,1.25,overcast clouds
41,Saint George,US,37.1,-113.58,72.43,35,0,2.57,clear sky
42,Srednekolymsk,RU,67.45,153.68,21.33,89,100,9.64,light snow
43,Punta Arenas,CL,-53.15,-70.92,51.91,46,75,6.17,broken clouds
44,Castro,BR,-24.79,-50.01,76.96,52,13,1.68,few clouds
45,Airai,TL,-8.93,125.41,60.69,90,96,0.83,overcast clouds
46,Bucelas,PT,38.9,-9.12,86.43,41,0,6.69,clear sky
47,Raga,SS,8.46,25.68,73.44,85,98,0.55,light rain
48,Vaini,TO,-21.2,-175.2,75.36,94,40,2.06,scattered clouds
49,Tuatapere,NZ,-46.13,167.68,35.85,81,100,6.95,overcast clouds
50,Kieta,PG,-6.22,155.63,78.35,84,95,2.03,light rain
51,Eldorado,BR,-23.79,-54.28,73.08,77,100,3.28,very heavy rain
52,Dikson,RU,73.51,80.55,31.28,69,100,1.04,overcast clouds
53,Kirchhain,DE,50.82,8.97,66.51,62,44,5.48,scattered clouds
54,Idaho Falls,US,43.47,-112.03,56.37,62,0,2.06,clear sky
55,Genhe,CN,50.78,121.52,20.5,62,10,1.13,clear sky
56,Cape Town,ZA,-33.93,18.42,66.34,51,6,3.13,clear sky
57,Hithadhoo,MV,-0.6,73.08,82.76,74,98,7.55,overcast clouds
58,Nikolskoye,RU,59.7,30.79,48.78,93,96,2.12,overcast clouds
59,Chapleau,CA,47.84,-83.4,63.25,63,100,4.99,overcast clouds
60,Bengkulu,ID,-3.8,102.27,76.55,84,100,1.3,heavy intensity rain
61,Belyy Yar,RU,53.6,91.39,39.09,87,40,3.0,light intensity shower rain
62,San Patricio,US,28.02,-97.52,84.9,51,6,2.63,clear sky
63,Setermoen,NO,68.86,18.35,46.44,79,98,0.89,overcast clouds
64,Sambava,MG,-14.27,50.17,71.74,89,3,4.84,clear sky
65,Saint Anthony,US,45.02,-93.22,70.79,69,0,3.6,clear sky
66,Cap-Aux-Meules,CA,47.38,-61.86,53.55,87,12,5.28,few clouds
67,Hermiston,US,45.84,-119.29,67.66,63,0,0.0,clear sky
68,Half Moon Bay,US,37.46,-122.43,63.59,93,100,5.14,mist
69,Vanimo,PG,-2.67,141.3,78.62,89,94,3.28,overcast clouds
70,Carnarvon,AU,-24.87,113.63,65.19,59,22,10.3,few clouds
71,Pisco,PE,-13.7,-76.22,63.01,77,100,3.09,haze
72,Hamilton,US,39.18,-84.53,72.39,40,0,1.54,clear sky
73,Sayyan,YE,15.17,44.32,65.57,32,63,7.07,broken clouds
74,Barrow,US,71.29,-156.79,35.62,80,100,7.2,overcast clouds
75,Sao Filipe,CV,14.9,-24.5,80.19,76,60,2.22,broken clouds
76,Patos,BR,-7.02,-37.28,98.1,21,5,6.86,clear sky
77,Sorland,NO,67.67,12.69,50.49,76,87,6.98,overcast clouds
78,Uthal,PK,25.81,66.62,81.64,74,0,3.92,clear sky
79,Hobart,AU,-42.88,147.33,49.86,79,100,2.57,drizzle
80,Provideniya,RU,64.38,-173.3,39.07,95,100,5.69,light rain
81,Mae Hong Son,TH,19.3,97.97,73.2,90,39,0.95,scattered clouds
82,Hermanus,ZA,-34.42,19.23,63.81,71,1,5.25,clear sky
83,Saldanha,ZA,-33.01,17.94,60.37,66,62,4.81,broken clouds
84,Sidi Ali,DZ,36.1,0.42,73.33,64,42,5.51,scattered clouds
85,Gojra,PK,31.15,72.69,85.05,20,0,2.76,clear sky
86,Yellowknife,CA,62.46,-114.35,32.56,67,7,2.68,clear sky
87,Lompoc,US,34.64,-120.46,56.12,100,100,0.51,fog
88,Zhanaozen,KZ,43.3,52.8,67.93,11,2,7.93,clear sky
89,Landeck,AT,47.13,10.56,65.98,62,39,0.12,scattered clouds
90,Mahebourg,MU,-20.41,57.7,72.25,73,40,3.6,scattered clouds
91,Verkhnyaya Inta,RU,65.98,60.31,43.21,85,99,3.96,overcast clouds
92,Jamestown,US,42.1,-79.24,65.01,46,0,2.06,clear sky
93,Saint-Philippe,RE,-21.36,55.77,71.19,77,19,4.66,few clouds
94,Westport,US,41.14,-73.36,60.28,91,100,2.24,light rain
95,Upernavik,GL,72.79,-56.15,20.23,76,92,2.23,overcast clouds
96,Portland,US,45.52,-122.68,59.74,94,100,3.09,light intensity drizzle
97,Saint-Leu,RE,-21.15,55.28,72.43,75,26,0.23,scattered clouds
98,Dengfeng,CN,34.46,113.03,41.31,93,100,1.64,overcast clouds
99,Kodiak,US,57.79,-152.41,53.11,82,100,10.29,heavy intensity rain
100,Kaitangata,NZ,-46.28,169.85,35.06,76,99,6.79,light snow
101,Cherskiy,RU,68.75,161.3,22.44,80,100,3.37,overcast clouds
102,Vostok,RU,46.49,135.88,28.24,83,93,2.89,overcast clouds
103,Kutum,SD,14.2,24.67,87.64,18,36,4.88,scattered clouds
104,Juneau,US,58.3,-134.42,50.22,100,100,1.54,light rain
105,Salvador,SV,13.83,-88.92,84.06,67,84,1.5,broken clouds
106,Victoria,HK,22.29,114.16,84.38,77,11,5.81,few clouds
107,Sisimiut,GL,66.94,-53.67,31.82,65,15,1.79,few clouds
108,Ust-Maya,RU,60.42,134.53,23.29,87,63,3.68,broken clouds
109,Port Elizabeth,ZA,-33.92,25.57,65.1,85,100,2.24,overcast clouds
110,Kollam,IN,8.88,76.6,76.89,90,100,3.73,overcast clouds
111,Zonguldak,TR,41.25,31.83,52.75,79,84,1.86,broken clouds
112,Sola,VU,-13.88,167.55,79.84,79,30,8.66,scattered clouds
113,Talaya,RU,61.38,152.75,13.55,96,100,2.24,overcast clouds
114,Nouadhibou,MR,20.93,-17.03,84.78,47,96,4.44,overcast clouds
115,Huron,US,41.15,-82.55,70.74,51,3,2.33,clear sky
116,Pangody,RU,65.85,74.49,32.11,92,40,2.59,scattered clouds
117,Megion,RU,61.03,76.11,35.02,77,45,2.21,scattered clouds
118,Hilo,US,19.73,-155.09,78.28,95,100,2.57,overcast clouds
119,Raul Soares,BR,-20.1,-42.45,86.77,49,57,2.33,broken clouds
120,Ilheus,BR,-14.79,-39.05,83.82,53,63,4.25,broken clouds
121,Mar Del Plata,AR,-38.0,-57.56,68.02,56,75,5.14,broken clouds
122,Ossora,RU,59.24,163.07,36.07,74,75,6.87,broken clouds
123,Naze,JP,28.37,129.48,74.57,77,63,4.0,broken clouds
124,Presidencia Roque Saenz Pena,AR,-26.79,-60.44,75.43,74,53,3.91,broken clouds
125,Hami,CN,42.8,93.45,53.49,56,30,1.24,scattered clouds
126,Longyearbyen,SJ,78.22,15.64,39.04,75,20,8.23,few clouds
127,Lavrentiya,RU,65.58,-171.0,37.54,91,100,6.63,overcast clouds
128,High Level,CA,58.52,-117.14,38.5,68,100,3.82,overcast clouds
129,Jardim,BR,-21.48,-56.14,94.03,39,19,4.91,few clouds
130,Beringovskiy,RU,63.05,179.32,42.75,93,100,12.29,moderate rain
131,Nakonde,ZM,-9.34,32.74,72.99,27,54,5.68,broken clouds
132,Rumuruti,KE,0.27,36.54,66.51,59,90,4.47,overcast clouds
133,Katunayaka,LK,7.16,79.88,80.6,83,40,5.66,scattered clouds
134,Puerto Leguizamo,CO,-0.19,-74.78,95.76,39,26,0.83,scattered clouds
135,Asyut,EG,27.18,31.18,87.35,24,0,4.86,clear sky
136,Kalmunai,LK,7.42,81.82,81.39,76,100,3.18,overcast clouds
137,Abnub,EG,27.27,31.15,87.22,24,0,4.74,clear sky
138,Touros,BR,-5.2,-35.46,85.89,58,1,7.9,clear sky
139,Mahanje,TZ,-9.93,35.33,74.97,32,9,2.49,clear sky
140,Torbay,CA,47.67,-52.73,63.28,55,67,2.68,broken clouds
141,Semme,FR,46.2,1.5,75.61,44,0,2.8,clear sky
142,Arraial Do Cabo,BR,-22.97,-42.03,75.06,69,100,5.66,overcast clouds
143,Itarema,BR,-2.92,-39.92,88.21,52,26,9.36,scattered clouds
144,Cumana,VE,10.46,-64.18,84.65,70,100,2.7,overcast clouds
145,Aklavik,CA,68.22,-135.01,27.25,91,100,4.58,overcast clouds
146,Mecca,SA,21.43,39.83,89.8,33,2,3.46,clear sky
147,Were Ilu,ET,10.6,39.43,50.68,80,40,3.25,scattered clouds
148,Pimentel,PE,-6.84,-79.93,70.09,60,0,6.17,clear sky
149,Hambantota,LK,6.12,81.12,79.39,79,100,7.87,overcast clouds
150,Padang,ID,-0.95,100.35,78.85,88,90,2.26,overcast clouds
151,Kapaa,US,22.08,-159.32,71.92,87,40,2.06,scattered clouds
152,Rorvik,NO,64.86,11.24,50.11,81,100,5.66,moderate rain
153,San Quintin,MX,30.48,-115.95,69.78,80,93,2.02,overcast clouds
154,Cidreira,BR,-30.18,-50.21,65.48,69,0,6.21,clear sky
155,Moerai,PF,-22.43,-151.33,72.39,61,97,8.93,overcast clouds
156,Richards Bay,ZA,-28.78,32.04,73.31,81,25,6.49,scattered clouds
157,Hudiksvall,SE,61.73,17.1,56.12,83,100,4.19,overcast clouds
158,Thompson,CA,55.74,-97.86,30.36,86,75,7.72,broken clouds
159,Aden,YE,12.78,45.04,87.24,68,80,1.87,broken clouds
160,Samarai,PG,-10.62,150.67,80.69,83,100,4.96,overcast clouds
161,Banyo,CM,6.75,11.82,73.02,85,69,0.98,light rain
162,Kabul,AF,34.5,69.42,61.66,18,0,1.5,clear sky
163,Norsup,VU,-16.07,167.38,77.72,82,32,6.0,scattered clouds
164,Bonnyville,CA,54.27,-110.73,43.14,66,100,5.21,overcast clouds
165,Avera,US,33.19,-82.53,71.55,23,0,1.08,clear sky
166,Caravelas,BR,-17.71,-39.25,83.95,55,38,5.57,scattered clouds
167,Alofi,NU,-19.06,-169.92,76.8,81,90,7.53,overcast clouds
168,Guatire,VE,10.48,-66.54,88.2,64,77,1.32,broken clouds
169,Norman Wells,CA,65.28,-126.83,32.58,91,10,3.37,clear sky
170,Oranjemund,NA,-28.55,16.43,58.33,75,98,8.48,overcast clouds
171,Yumen,CN,40.28,97.2,44.26,73,56,3.82,broken clouds
172,Okmulgee,US,35.62,-95.96,77.11,38,0,2.57,clear sky
173,Chokurdakh,RU,70.63,147.92,16.7,96,98,1.74,overcast clouds
174,Joshimath,IN,30.57,79.57,62.26,81,13,0.91,few clouds
175,Isla Mujeres,MX,21.23,-86.73,84.25,48,5,2.82,clear sky
176,Toropets,RU,56.5,31.64,45.7,97,100,2.64,overcast clouds
177,General Pico,AR,-35.66,-63.76,54.05,84,100,4.61,light rain
178,Bredasdorp,ZA,-34.53,20.04,61.72,58,19,6.41,few clouds
179,Okha,RU,53.57,142.95,33.84,70,74,10.08,light snow
180,Guerrero Negro,MX,27.98,-114.06,71.4,74,56,2.93,broken clouds
181,Pucallpa,PE,-8.38,-74.55,91.44,55,20,1.54,few clouds
182,Codrington,AU,-38.27,141.97,53.35,91,100,7.79,overcast clouds
183,Meulaboh,ID,4.14,96.13,75.24,92,100,2.75,light rain
184,Leningradskiy,RU,69.38,178.42,24.53,84,100,5.09,overcast clouds
185,Waipawa,NZ,-41.41,175.52,35.98,82,100,8.8,overcast clouds
186,Taoudenni,ML,22.68,-3.98,109.0,7,1,2.62,clear sky
187,Muzhi,RU,65.37,64.67,40.19,93,100,3.15,light rain
188,Mocorito,MX,25.48,-107.92,84.2,75,0,0.6,clear sky
189,Awjilah,LY,29.11,21.29,84.83,32,5,4.39,clear sky
190,Tahta,EG,26.77,31.5,89.94,23,0,5.72,clear sky
191,Mount Pleasant,US,32.79,-79.86,73.98,46,0,4.63,clear sky
192,Chitrakonda,IN,18.12,82.08,73.4,93,51,1.72,broken clouds
193,Severo-Kurilsk,RU,50.68,156.12,43.47,61,49,10.07,scattered clouds
194,Shelby,US,35.2,-89.87,76.14,43,0,0.89,clear sky
195,Moranbah,AU,-22.0,148.05,65.71,79,76,3.88,broken clouds
196,Wuwei,CN,37.93,102.64,50.5,68,99,1.61,overcast clouds
197,Mehamn,NO,71.04,27.85,42.75,75,0,8.23,clear sky
198,Ampanihy,MG,-24.7,44.75,76.28,48,0,4.52,clear sky
199,Hasaki,JP,35.73,140.83,59.4,86,100,10.21,light rain
200,Lokoja,NG,7.8,6.74,83.48,78,98,1.14,light rain
201,Souillac,MU,-20.52,57.52,71.98,73,40,3.6,scattered clouds
202,Waitati,NZ,-45.75,170.57,31.96,90,96,5.62,light snow
203,Ketchikan,US,55.34,-131.65,55.87,94,100,3.09,overcast clouds
204,Naryan-Mar,RU,67.67,53.09,42.85,96,98,3.21,overcast clouds
205,Dhidhdhoo,MV,6.88,73.1,81.59,78,92,7.43,overcast clouds
206,Okhotsk,RU,59.38,143.3,31.42,54,100,4.88,overcast clouds
207,Giraltovce,SK,49.11,21.52,56.03,72,100,3.34,overcast clouds
208,Rocha,UY,-34.48,-54.33,70.36,51,55,6.11,broken clouds
209,Inuvik,CA,68.35,-133.72,30.96,100,100,2.06,mist
210,Petlad,IN,22.47,72.8,84.18,51,77,3.02,broken clouds
211,Gat,IL,31.61,34.76,80.4,100,0,4.34,clear sky
212,Cacu,BR,-18.56,-51.13,95.59,34,1,1.22,clear sky
213,Tuktoyaktuk,CA,69.45,-133.04,30.36,90,93,5.39,overcast clouds
214,Aksu,CN,41.12,80.26,60.12,26,36,3.06,scattered clouds
215,Khatanga,RU,71.97,102.5,17.91,97,100,2.6,overcast clouds
216,Tiksi,RU,71.69,128.87,25.97,88,100,9.69,light snow
217,Sudbury,CA,46.49,-80.99,63.05,79,100,1.79,overcast clouds
218,Salalah,OM,17.02,54.09,80.69,78,20,2.57,few clouds
219,Kuncice Pod Ondrejnikem,CZ,49.55,18.26,57.33,67,0,5.14,clear sky
220,Kjollefjord,NO,70.95,27.35,46.45,75,0,8.23,clear sky
221,Carsamba,TR,41.2,36.72,65.95,72,75,5.66,broken clouds
222,Seymchan,RU,62.88,152.43,18.52,85,100,6.87,overcast clouds
223,Vestmannaeyjar,IS,63.44,-20.27,47.39,71,40,9.77,scattered clouds
224,Jalu,LY,29.03,21.55,85.03,31,3,4.25,clear sky
225,Uaua,BR,-9.84,-39.48,93.83,21,30,4.57,scattered clouds
226,Bilma,NE,18.69,12.92,99.19,12,8,2.78,clear sky
227,Griffith,US,41.53,-87.42,72.14,40,0,3.09,clear sky
228,La Ronge,CA,55.1,-105.28,36.54,59,29,5.43,scattered clouds
229,Tasiilaq,GL,65.61,-37.64,35.76,66,41,1.34,scattered clouds
230,Goderich,CA,43.75,-81.72,62.91,55,78,3.31,broken clouds
231,Omboue,GA,-1.57,9.26,79.75,73,93,4.32,overcast clouds
232,Nakhon Phanom,TH,17.33,104.42,74.61,91,86,2.63,overcast clouds
233,Port-Gentil,GA,-0.72,8.78,82.36,74,40,6.69,scattered clouds
234,Darhan,MN,49.49,105.92,33.37,42,0,1.62,clear sky
235,Amahai,ID,-3.33,128.92,78.19,87,69,1.64,broken clouds
236,Kedougou,SN,12.56,-12.17,87.73,69,62,2.6,light rain
237,Grand Gaube,MU,-20.01,57.66,72.37,66,1,3.13,clear sky
238,Kavieng,PG,-2.57,150.8,82.44,77,48,6.6,scattered clouds
239,Tupik,RU,54.43,119.93,22.55,65,51,1.91,broken clouds
240,Lisakovsk,KZ,52.54,62.49,50.47,23,100,3.9,overcast clouds
241,Akyab,MM,20.15,92.9,82.17,77,3,0.91,clear sky
242,Santa Fe,AR,-31.63,-60.7,79.02,39,85,3.13,overcast clouds
243,Yenagoa,NG,4.92,6.26,80.85,80,100,3.36,moderate rain
244,Yarim,YE,14.3,44.38,62.38,38,89,4.39,light rain
245,Marfino,RU,55.7,37.38,46.31,85,75,3.0,broken clouds
246,Hajnowka,PL,52.74,23.58,54.81,67,100,3.93,overcast clouds
247,Port Blair,IN,11.67,92.75,81.23,81,100,6.02,overcast clouds
248,Almeirim,BR,-1.52,-52.58,96.69,34,11,2.65,few clouds
249,Teofilo Otoni,BR,-17.86,-41.51,91.83,40,92,1.34,overcast clouds
250,Lorengau,PG,-2.02,147.27,81.37,78,87,4.9,overcast clouds
251,Mangrol,IN,21.12,70.12,81.63,74,11,6.19,few clouds
252,Srivardhan,IN,18.03,73.02,80.35,87,99,3.79,overcast clouds
253,Tupaciguara,BR,-18.59,-48.7,88.09,35,5,2.41,clear sky
254,Myitkyina,MM,25.38,97.4,72.86,99,72,0.9,broken clouds
255,Togul,RU,53.47,85.91,36.93,95,100,3.84,light rain
256,Punta Cardon,VE,11.66,-70.22,86.74,65,54,4.24,broken clouds
257,San Jose,US,37.34,-121.89,70.25,88,100,0.0,mist
258,Nancha,CN,47.13,129.27,29.55,59,5,1.72,clear sky
259,Tiarei,PF,-17.53,-149.33,73.42,74,41,11.5,light rain
260,Andenes,NO,69.31,16.12,46.92,83,20,4.63,few clouds
261,Bilibino,RU,68.05,166.44,21.2,87,100,3.51,overcast clouds
262,Te Anau,NZ,-45.42,167.72,27.77,93,72,0.94,light snow
263,Roma,US,43.21,-75.46,64.72,62,0,0.45,clear sky
264,Kristiansund,NO,63.11,7.73,50.05,87,75,10.8,shower rain
265,Pathein,MM,16.78,94.73,77.04,91,74,1.99,broken clouds
266,Severomorsk,RU,69.07,33.42,41.4,88,97,3.13,overcast clouds
267,Mount Isa,AU,-20.73,139.5,69.57,100,49,1.54,scattered clouds
268,Timra,SE,62.49,17.33,53.67,87,20,2.06,few clouds
269,Komsomolskiy,UZ,40.43,71.72,63.32,23,100,3.09,overcast clouds
270,Tarifa,ES,36.01,-5.61,78.82,78,4,7.27,clear sky
271,Lebu,CL,-37.62,-73.65,54.95,72,31,3.01,scattered clouds
272,Kirakira,SB,-10.45,161.92,79.99,79,68,3.0,broken clouds
273,Garowe,SO,8.41,48.48,85.8,41,91,8.15,overcast clouds
274,Le Port,RE,-20.94,55.29,73.36,78,34,1.45,scattered clouds
275,Scarborough,GB,54.28,-0.4,54.97,86,100,2.68,overcast clouds
276,Bambanglipuro,ID,-7.95,110.28,76.95,84,100,2.7,overcast clouds
277,Hegang,CN,47.4,130.37,30.29,55,5,2.89,clear sky
278,Bonthe,SL,7.53,-12.51,82.83,71,72,5.25,broken clouds
279,Bud,US,39.45,-86.18,72.75,43,35,1.17,scattered clouds
280,Pudozh,RU,61.81,36.53,42.17,90,64,1.3,broken clouds
281,Matranovak,HU,48.04,19.98,55.49,66,100,1.53,overcast clouds
282,Esperance,AU,-33.87,121.9,55.44,64,100,8.27,overcast clouds
283,Octeville,FR,49.63,-1.64,59.49,82,100,9.77,overcast clouds
284,Ouesso,CG,1.61,16.05,82.69,70,88,0.27,overcast clouds
285,Nguruka,TZ,-5.11,31.04,83.03,19,69,2.06,broken clouds
286,Teya,RU,60.38,92.63,32.0,98,100,2.02,light snow
287,Henties Bay,NA,-22.12,14.28,58.01,82,12,5.42,few clouds
288,Chapais,CA,49.78,-74.85,53.38,95,100,3.0,overcast clouds
289,Catamarca,AR,-28.47,-65.79,77.07,36,2,4.92,clear sky
290,Hokitika,NZ,-42.72,170.97,33.58,64,9,2.5,clear sky
291,Tiznit,MA,29.58,-9.5,79.25,40,73,3.87,broken clouds
292,Jumla,NP,29.27,82.18,56.37,92,100,1.96,overcast clouds
293,Inirida,CO,3.87,-67.92,93.54,49,86,0.1,overcast clouds
294,Santiago Del Estero,AR,-27.8,-64.26,87.84,24,10,5.79,clear sky
295,Mendoza,AR,-32.89,-68.83,55.29,59,100,3.54,overcast clouds
296,Praia,CV,14.92,-23.51,86.54,70,20,4.12,few clouds
297,Porbandar,IN,21.64,69.61,82.24,70,20,5.58,few clouds
298,Luwuk,ID,-0.95,122.79,77.67,88,77,0.39,broken clouds
299,Dhone,IN,15.42,77.88,75.34,85,100,1.68,moderate rain
300,Birao,CF,10.28,22.79,82.38,64,26,1.37,scattered clouds
301,Sehithwa,BW,-20.47,22.72,95.5,7,0,2.49,clear sky
302,Dharmabad,IN,18.9,77.85,75.34,88,100,2.12,moderate rain
303,Vila,PT,42.03,-8.16,66.7,53,41,2.66,scattered clouds
304,High Prairie,CA,55.43,-116.49,44.92,68,100,5.17,overcast clouds
305,Belen,TR,36.49,36.22,71.74,57,40,3.6,scattered clouds
306,Dalby,AU,-27.18,151.27,58.98,91,99,0.45,overcast clouds
307,Lanja,IN,16.85,73.55,74.98,94,72,1.47,broken clouds
308,Buala,SB,-8.14,159.59,80.8,72,100,4.79,overcast clouds
309,Urucui,BR,-7.23,-44.56,102.09,14,0,4.2,clear sky
310,Asau,RO,46.43,26.4,58.12,67,99,2.26,overcast clouds
311,Manavalakurichi,IN,8.13,77.3,78.37,84,100,5.62,overcast clouds
312,Whitehorse,CA,60.72,-135.05,41.81,74,75,6.71,broken clouds
313,Grenville,GD,12.12,-61.62,80.65,86,99,9.73,overcast clouds
314,Los Llanos De Aridane,ES,28.66,-17.92,73.15,78,40,6.17,scattered clouds
315,Dedougou,BF,12.47,-3.47,92.79,39,82,3.59,broken clouds
316,Lagoa,PT,39.05,-27.98,68.83,82,100,9.47,light rain
317,Kovur,IN,14.48,79.98,79.61,84,100,1.8,light rain
318,Lebowakgomo,ZA,-24.2,29.5,81.5,22,0,3.86,clear sky
319,Luanda,AO,-8.84,13.23,77.0,78,0,5.14,clear sky
320,Shache,CN,38.42,77.24,61.72,23,100,3.27,overcast clouds
321,Ormara,PK,25.21,64.64,79.61,84,0,5.03,clear sky
322,La Paz,BO,-16.5,-68.15,60.78,30,40,5.14,scattered clouds
323,La Reforma,MX,25.08,-108.05,80.06,75,0,1.46,clear sky
324,Kuzedeyevo,RU,53.33,87.2,33.89,99,100,3.07,snow
325,Olafsvik,IS,64.89,-23.71,44.42,68,100,5.27,overcast clouds
326,Fairbanks,US,64.84,-147.72,35.31,89,40,1.54,scattered clouds
327,Mildura,AU,-34.2,142.15,57.07,94,29,3.73,scattered clouds
328,Manhattan,US,40.78,-73.97,61.05,91,100,7.72,mist
329,Reconquista,AR,-29.15,-59.65,78.82,41,0,7.2,clear sky
330,Cabo San Lucas,MX,22.89,-109.91,84.51,68,0,5.14,clear sky
331,Sumbawanga,TZ,-7.97,31.62,70.93,28,78,1.5,broken clouds
332,Rio Gallegos,AR,-51.62,-69.22,51.85,50,75,4.12,broken clouds
333,Vao,NC,-22.67,167.48,69.82,60,49,4.87,scattered clouds
334,Santa Maria,BR,-29.68,-53.81,76.32,47,5,4.63,clear sky
335,Baijiantan,CN,45.63,85.18,57.49,18,0,1.83,clear sky
336,Mount Gambier,AU,-37.83,140.77,57.11,94,100,5.66,overcast clouds
337,Waddan,LY,29.16,16.14,82.31,28,0,5.59,clear sky
338,Tomigusuku,JP,26.18,127.67,80.73,83,40,6.17,scattered clouds
339,Gornopravdinsk,RU,60.05,69.9,43.16,95,100,2.12,overcast clouds
340,Baykit,RU,61.67,96.37,31.28,99,100,1.05,light snow
341,Deputatskiy,RU,69.3,139.9,7.39,95,96,2.09,overcast clouds
342,Namatanai,PG,-3.67,152.43,79.29,82,81,3.98,broken clouds
343,Narsaq,GL,60.92,-46.05,37.62,96,100,5.13,light rain
344,Esik,KZ,43.36,77.45,47.62,53,52,3.09,broken clouds
345,Rawatsar,IN,29.28,74.38,87.87,26,0,3.93,clear sky
346,Eureka,US,40.8,-124.16,60.21,87,32,1.07,scattered clouds
347,Toamasina,MG,-18.17,49.38,73.4,78,20,1.54,few clouds
348,Udachnyy,RU,66.42,112.4,25.14,95,100,4.96,light snow
349,The Valley,AI,18.22,-63.06,87.82,70,20,8.23,few clouds
350,Korla,CN,41.76,86.15,58.93,25,0,4.77,clear sky
351,New Norfolk,AU,-42.78,147.06,49.5,70,100,1.79,overcast clouds
352,Christchurch,NZ,-43.53,172.63,34.92,75,40,6.17,scattered clouds
353,Flinders,AU,-34.58,150.86,59.38,88,100,1.34,light rain
354,Ola,RU,59.58,151.28,23.14,71,92,2.72,overcast clouds
355,Pangnirtung,CA,66.15,-65.71,33.04,63,92,0.43,overcast clouds
356,Yulara,AU,-25.24,130.99,69.6,32,0,4.34,clear sky
357,Colac,AU,-38.33,143.58,51.17,98,100,5.67,light rain
358,Najran,SA,17.49,44.13,84.85,19,42,4.27,scattered clouds
359,Williams Lake,CA,52.14,-122.14,60.37,70,40,2.57,scattered clouds
360,Karratha,AU,-20.74,116.85,74.23,52,25,6.2,scattered clouds
361,Ngunguru,NZ,-35.62,174.5,52.11,71,98,6.3,overcast clouds
362,Clyde River,CA,70.47,-68.59,26.37,84,100,8.72,light snow
363,Barrhead,GB,55.8,-4.39,53.13,81,20,8.23,moderate rain
364,Kuito,AO,-12.38,16.93,86.86,16,66,2.75,broken clouds
365,Ballina,AU,-28.87,153.57,60.01,97,100,1.36,light rain
366,Puerto Escondido,MX,15.85,-97.07,86.83,58,0,2.57,clear sky
367,Luderitz,NA,-26.65,15.16,62.71,64,5,10.2,clear sky
368,Isangel,VU,-19.55,169.27,70.9,75,27,3.68,scattered clouds
369,Chachapoyas,PE,-6.23,-77.87,68.52,60,99,1.78,light rain
370,Palmer,US,42.16,-72.33,58.17,86,100,5.14,overcast clouds
371,Kovdor,RU,67.57,30.48,39.34,95,100,1.55,overcast clouds
372,Ilulissat,GL,69.22,-51.1,28.42,54,20,2.06,few clouds
373,College,US,64.86,-147.8,38.89,86,75,1.54,broken clouds
374,Severnyy,RU,50.68,36.55,48.24,87,0,4.0,clear sky
375,Huilong,CN,31.81,121.66,61.93,78,100,6.24,light rain
376,Urengoy,RU,65.97,78.37,34.0,82,100,4.23,overcast clouds
377,Kruisfontein,ZA,-34.0,24.73,62.89,71,100,4.7,overcast clouds
378,Poum,NC,-20.23,164.02,73.31,63,20,6.21,few clouds
379,Havoysund,NO,71.0,24.66,46.63,89,100,8.02,light rain
380,Ust-Nera,RU,64.57,143.2,9.72,96,100,1.65,overcast clouds
381,Litovko,RU,49.24,135.17,31.68,60,51,5.13,broken clouds
382,Ninohe,JP,40.27,141.31,46.18,76,18,3.03,few clouds
383,Margate,GB,51.38,1.39,64.31,75,100,3.58,overcast clouds
384,Kotelnich,RU,58.31,48.35,46.35,95,100,3.33,overcast clouds
385,Bethel,US,41.37,-73.41,59.54,89,100,0.45,overcast clouds
386,Vysokaya Gora,RU,55.91,49.3,50.18,70,64,5.19,broken clouds
387,Zyryanka,RU,65.75,150.85,19.56,92,100,13.02,snow
388,Saint-Pierre,RE,-21.34,55.48,71.28,73,0,4.12,clear sky
389,Birjand,IR,32.87,59.22,68.47,15,0,3.09,clear sky
390,Ternate,ID,0.8,127.4,80.73,78,49,0.54,scattered clouds
391,Bulaevo,KZ,54.91,70.44,47.88,42,99,3.55,overcast clouds
392,Sept-Iles,CA,50.2,-66.38,57.72,77,75,3.6,broken clouds
393,San Vicente,AR,-26.62,-54.13,83.26,41,15,3.24,light rain
394,Bathsheba,BB,13.22,-59.52,88.41,70,20,11.32,few clouds
395,Road Town,VG,18.42,-64.62,89.69,74,40,5.66,scattered clouds
396,Vardo,NO,70.37,31.11,46.38,61,100,7.2,overcast clouds
397,Nanortalik,GL,60.14,-45.24,37.53,91,97,6.23,light rain
398,Katsuura,JP,35.13,140.3,62.62,91,100,9.82,overcast clouds
399,Port Hardy,CA,50.7,-127.42,57.38,94,75,0.0,broken clouds
400,Ekibastuz,KZ,51.67,75.37,51.46,52,30,3.8,scattered clouds
401,Warrnambool,AU,-38.38,142.48,53.37,91,100,8.47,overcast clouds
402,Manaus,BR,-3.1,-60.02,93.7,55,40,3.6,scattered clouds
403,Incourt,BE,50.7,4.77,63.7,58,100,8.75,overcast clouds
404,Karatau,KZ,43.17,70.47,52.02,25,0,5.0,clear sky
405,Luau,AO,-10.71,22.22,88.65,24,91,1.81,overcast clouds
406,Kaduna,NG,10.52,7.44,72.34,90,84,3.23,heavy intensity rain
407,Verkhnevilyuysk,RU,63.45,120.32,30.92,97,100,3.81,light snow
408,Nipawin,CA,53.37,-104.0,39.24,70,100,7.72,overcast clouds
409,Ijui,BR,-28.39,-53.91,82.42,46,16,3.99,few clouds
410,Camocim,BR,-2.9,-40.84,91.99,47,11,7.18,few clouds
411,Ponta Do Sol,PT,32.67,-17.1,76.71,85,90,0.22,overcast clouds
412,Cap-Chat,CA,49.1,-66.68,55.4,62,76,2.27,broken clouds
413,Chicama,PE,-7.84,-79.15,59.54,59,25,4.05,scattered clouds
414,Atbasar,KZ,51.8,68.33,52.12,34,84,2.25,broken clouds
415,Martapura,ID,-3.42,114.85,75.29,100,75,0.51,broken clouds
416,Grootfontein,NA,-19.57,18.12,94.57,10,6,2.06,clear sky
417,Gorom-Gorom,BF,14.44,-0.24,100.89,19,100,3.01,overcast clouds
418,Oranjestad,AW,12.52,-70.03,88.92,72,20,6.17,few clouds
419,Ewa Beach,US,21.32,-158.01,75.15,81,0,2.06,clear sky
420,Dunedin,NZ,-45.87,170.5,34.63,81,97,9.04,light snow
421,Bubaque,GW,11.28,-15.83,82.72,75,8,4.16,clear sky
422,Coihaique,CL,-45.58,-72.07,52.41,50,75,2.06,broken clouds
423,Prilep,MK,41.35,21.55,55.99,46,96,2.13,overcast clouds
424,Sinnamary,GF,5.38,-52.95,86.41,62,22,5.14,few clouds
425,Banjarmasin,ID,-3.32,114.59,75.34,93,100,0.69,overcast clouds
426,Butajira,ET,8.12,38.37,60.35,77,79,3.71,broken clouds
427,Sorsk,RU,54.0,90.25,32.65,83,100,3.56,overcast clouds
428,Rio Grande,BR,-32.03,-52.1,73.51,67,0,6.82,clear sky
429,Gayny,RU,60.31,54.32,43.36,81,100,3.71,overcast clouds
430,Oussouye,SN,12.48,-16.55,87.03,67,79,4.85,broken clouds
431,San Andres,CO,12.58,-81.7,87.82,74,75,3.09,broken clouds
432,Ancud,CL,-41.87,-73.82,51.19,83,97,9.24,light rain
433,Verkhniy Fiagdon,RU,42.83,44.31,54.27,84,63,1.9,broken clouds
434,Puri,IN,19.8,85.85,79.32,81,42,6.61,scattered clouds
435,Haines Junction,CA,60.75,-137.51,30.15,93,100,1.03,overcast clouds
436,Kidal,ML,18.44,1.41,103.1,10,10,6.35,clear sky
437,Khandbari,NP,27.37,87.2,69.06,86,92,1.25,overcast clouds
438,Dire,ML,12.28,-10.97,87.3,70,55,2.03,light rain
439,Alanya,TR,36.54,32.0,78.93,68,0,0.7,clear sky
440,Taltal,CL,-25.4,-70.48,61.74,60,0,3.18,clear sky
441,Ongole,IN,15.5,80.05,77.9,92,100,5.81,moderate rain
442,Cap Malheureux,MU,-19.98,57.61,72.46,66,1,2.68,clear sky
443,Hargeysa,SO,9.56,44.06,76.1,56,93,6.87,overcast clouds
444,Takoradi,GH,4.88,-1.76,79.39,80,50,4.77,light rain
445,Elat,IL,29.56,34.95,93.04,38,0,2.57,haze
446,Labytnangi,RU,66.66,66.42,36.81,87,59,2.2,broken clouds
447,Mitsamiouli,KM,-11.38,43.28,76.21,78,47,2.78,scattered clouds
448,Evinayong,GQ,1.44,10.55,72.07,96,95,1.28,moderate rain
449,Healdsburg,US,38.61,-122.87,78.91,100,0,0.0,fog
450,Simpang,ID,-1.27,104.08,73.56,97,98,0.78,overcast clouds
451,Nome,US,64.5,-165.41,28.47,93,0,0.0,clear sky
452,Ust-Koksa,RU,50.27,85.61,37.29,59,90,0.99,overcast clouds
453,Svetlogorsk,BY,52.63,29.73,48.69,91,100,3.14,overcast clouds
454,Pabna,BD,24.0,89.25,78.49,90,84,2.84,broken clouds
455,Salekhard,RU,66.53,66.6,36.52,87,57,2.91,broken clouds
456,Krasnyy Luch,UA,48.14,38.94,53.71,60,86,2.48,overcast clouds
457,Tucuman,AR,-26.82,-65.22,84.2,30,0,7.2,clear sky
458,Juba,SS,4.85,31.58,73.24,82,97,1.75,overcast clouds
459,New Castle,US,41.0,-80.35,67.28,49,0,2.06,clear sky
460,Belmonte,BR,-15.86,-38.88,82.4,61,66,4.99,broken clouds
461,Hobyo,SO,5.35,48.53,77.86,85,13,9.17,few clouds
462,Poya,NC,-21.35,165.15,67.89,73,67,1.16,broken clouds
463,Fortuna,US,40.6,-124.16,60.93,86,52,1.56,broken clouds
464,Broome,US,42.25,-75.83,66.2,61,100,2.06,overcast clouds
465,Kjopsvik,NO,68.1,16.37,48.07,87,83,3.79,broken clouds
466,Tazovskiy,RU,67.47,78.7,34.79,72,100,4.33,overcast clouds
467,Amiens,FR,49.9,2.3,67.19,59,7,7.94,clear sky
468,Taybad,IR,34.74,60.78,67.01,16,0,8.88,clear sky
469,Todos Santos,MX,23.45,-110.22,87.3,66,20,1.52,few clouds
470,Arlit,NE,18.74,7.39,102.58,9,5,5.72,clear sky
471,Zhaotong,CN,27.32,103.72,55.45,97,95,2.61,overcast clouds
472,Plouzane,FR,48.38,-4.62,60.98,74,20,6.69,few clouds
473,Egvekinot,RU,66.32,-179.17,33.17,99,100,7.09,snow
474,Mandalgovi,MN,45.76,106.27,35.04,25,30,3.48,scattered clouds
475,Port Moresby,PG,-9.44,147.18,76.42,94,40,2.57,scattered clouds
476,Tezu,IN,27.92,96.17,73.24,98,100,1.13,overcast clouds
477,Nacogdoches,US,31.6,-94.63,80.78,47,0,0.0,haze
478,Maceio,BR,-9.67,-35.74,85.44,65,40,6.17,scattered clouds
479,Guozhen,CN,34.37,107.36,48.4,97,100,1.09,moderate rain
480,Abeche,TD,13.83,20.83,91.15,25,69,2.8,broken clouds
481,Sarapulka,RU,56.87,61.06,49.93,53,100,2.0,overcast clouds
482,Mogadishu,SO,2.04,45.34,77.94,85,8,6.22,clear sky
483,Coquimbo,CL,-29.95,-71.34,62.33,63,20,4.63,few clouds
484,Montelibano,CO,7.98,-75.42,83.84,72,99,1.09,overcast clouds
485,Kayattar,IN,8.95,77.8,81.81,66,100,5.52,moderate rain
486,Kakching,IN,24.48,93.98,68.38,96,99,0.52,overcast clouds
487,Minador Do Negrao,BR,-9.31,-36.86,88.75,40,63,6.21,broken clouds
488,Duma,CN,34.77,108.14,42.67,96,100,1.4,overcast clouds
489,Anadyr,RU,64.75,177.48,41.5,93,75,12.0,light rain
490,Kahului,US,20.89,-156.47,77.85,69,75,3.13,broken clouds
491,Villazon,BO,-22.09,-65.59,62.22,3,0,6.41,clear sky
492,Lososina,RU,49.0,140.31,35.24,59,46,4.52,scattered clouds
493,Aleksandrov Gay,RU,50.15,48.57,58.8,91,100,3.83,light rain
494,Zhangye,CN,38.93,100.45,51.33,36,36,2.27,scattered clouds
495,Marzuq,YE,14.4,46.47,78.3,50,86,3.28,overcast clouds
496,Viedma,AR,-40.81,-63.0,72.63,26,97,6.99,overcast clouds
497,Golden,US,39.76,-105.22,61.2,63,20,2.68,few clouds
498,Kailua,US,21.4,-157.74,75.18,88,75,3.09,broken clouds
499,Faya,SA,18.39,42.45,73.92,32,54,3.82,broken clouds
500,Ambilobe,MG,-13.2,49.05,73.63,75,5,0.31,clear sky
501,Soe,ID,-9.86,124.28,67.14,92,93,1.65,overcast clouds
502,Shahreza,IR,32.03,51.88,69.87,15,0,1.97,clear sky
503,Coolum Beach,AU,-26.53,153.1,62.33,98,100,2.1,overcast clouds
504,Labuhan,ID,-6.88,112.21,77.95,83,100,4.4,overcast clouds
505,Ostrovnoy,RU,68.05,39.51,46.65,92,98,5.72,overcast clouds
506,Marathon,US,44.9,-89.77,66.15,63,40,3.09,scattered clouds
507,Tremedal,BR,-14.98,-41.41,93.56,27,88,2.37,overcast clouds
508,Simoes,BR,-7.6,-40.82,98.37,18,98,5.05,overcast clouds
509,Goundam,ML,16.41,-3.67,103.41,15,16,6.54,few clouds
510,Fort Nelson,CA,58.81,-122.7,36.99,93,100,1.54,mist
511,Topsham,US,43.93,-69.98,57.88,68,94,4.11,light rain
512,Ayan,RU,56.45,138.17,32.02,53,100,7.1,overcast clouds
513,Jeremie,HT,18.65,-74.12,86.41,68,85,2.95,overcast clouds
514,Merauke,ID,-8.47,140.33,78.69,88,100,5.69,overcast clouds
515,Maun,BW,-19.98,23.42,98.56,11,0,2.06,clear sky
516,Nang Rong,TH,14.64,102.79,76.71,85,100,1.24,overcast clouds
517,Brae,GB,60.4,-1.35,51.49,72,50,10.84,scattered clouds
518,Balsas,BR,-7.53,-46.04,102.56,14,0,4.17,clear sky
519,Gazanjyk,TM,39.24,55.52,72.52,9,0,8.91,clear sky
520,Middletown,US,39.52,-84.4,73.89,39,0,1.34,clear sky
521,Adrar,MR,20.5,-10.07,104.58,9,5,6.53,clear sky
522,Koumra,TD,8.91,17.55,78.04,86,99,1.35,light rain
523,Singleton,AU,-32.57,151.18,55.98,89,100,0.45,overcast clouds
524,Lasa,IT,46.62,10.7,61.68,73,42,1.4,scattered clouds
525,Penzance,GB,50.12,-5.54,60.12,63,20,11.32,few clouds
526,Collie,AU,-33.37,116.15,41.38,76,39,1.44,scattered clouds
527,Tucupita,VE,9.06,-62.05,81.9,87,100,0.6,overcast clouds
528,Nendaz,CH,46.18,7.3,63.97,43,0,4.12,clear sky
529,Mabaruma,GY,8.2,-59.78,81.52,87,100,2.11,overcast clouds
530,Onega,RU,63.91,38.14,47.16,97,100,2.03,overcast clouds
531,Progreso,MX,21.28,-89.67,84.31,55,0,2.24,clear sky
532,Karasjok,NO,69.47,25.51,38.53,91,100,3.69,overcast clouds
533,Romanovo,RU,52.62,81.23,47.03,50,100,3.25,overcast clouds
534,Fukue,JP,32.69,128.84,70.92,69,89,8.54,light rain
535,Tautira,PF,-17.73,-149.15,76.44,72,54,10.72,light rain
536,Acuexcomac,MX,19.03,-98.38,67.21,55,40,2.57,scattered clouds
537,Iraray,PH,8.99,118.05,79.68,86,96,1.33,overcast clouds
538,Rawah,IQ,34.48,41.91,89.33,12,0,1.38,clear sky
539,Daru,PG,-9.08,143.21,79.36,89,100,7.2,overcast clouds
540,Arawa,PG,-6.21,155.54,76.05,90,93,1.31,overcast clouds
541,Roebourne,AU,-20.78,117.13,73.9,58,9,6.18,clear sky
542,Dakar,SN,14.69,-17.44,88.68,71,41,6.11,scattered clouds
543,Kiunga,PG,-6.12,141.29,73.83,100,100,0.58,overcast clouds
544,Kyshtovka,RU,56.55,76.63,43.7,92,100,1.36,overcast clouds
545,Verkhnyaya Salda,RU,58.05,60.55,45.52,56,100,2.32,overcast clouds
546,Bereda,ES,43.27,-7.54,69.42,86,65,2.83,broken clouds
547,Olavarria,AR,-36.89,-60.32,63.21,53,100,0.61,moderate rain
548,Rawson,AR,-43.3,-65.1,65.19,35,0,4.89,clear sky
549,Voh,NC,-20.97,164.7,69.75,67,97,1.49,overcast clouds
550,Findlay,US,41.04,-83.65,71.55,40,0,0.0,clear sky
551,Macau,MO,22.2,113.55,84.85,84,40,7.72,scattered clouds
552,San Luis,AR,-33.3,-66.34,52.18,78,99,5.77,moderate rain
553,Shurugwi,ZW,-19.67,30.01,79.99,18,0,4.74,clear sky
554,Along,IN,28.17,94.77,72.5,99,100,0.55,overcast clouds
555,Fort-Shevchenko,KZ,44.51,50.26,67.93,57,43,2.75,scattered clouds
556,Otane,NZ,-39.88,176.63,39.0,90,71,3.8,broken clouds
557,Camacupa,AO,-12.02,17.48,86.81,21,52,5.08,broken clouds
558,Isabela,PH,6.71,121.97,79.79,82,100,1.03,moderate rain
559,Hanmer Springs,NZ,-42.52,172.82,19.9,91,85,2.35,overcast clouds
560,Evensk,RU,61.95,159.23,33.87,78,100,6.93,overcast clouds
561,Alta Floresta,BR,-9.88,-56.09,93.02,49,75,1.54,broken clouds
562,Leua,SK,48.22,18.61,63.5,65,100,2.27,overcast clouds
563,Buzmeyin,TM,38.05,58.21,67.73,21,0,4.12,clear sky
564,Matara,LK,5.95,80.54,77.9,88,100,4.79,overcast clouds
565,Liwale,TZ,-9.77,37.93,80.31,31,8,4.1,clear sky
566,Sayansk,RU,54.11,102.16,29.73,78,89,1.57,overcast clouds
567,Canutama,BR,-6.53,-64.38,100.89,30,14,1.55,few clouds
568,Talas,TR,38.69,35.55,63.27,52,40,2.57,scattered clouds
569,San Juan,AR,-31.54,-68.54,56.62,58,100,10.19,overcast clouds
570,Sistranda,NO,63.73,8.83,53.56,83,100,7.98,light rain
571,Sena Madureira,BR,-9.07,-68.66,100.04,30,12,1.89,few clouds
572,Tual,ID,-5.67,132.75,81.99,80,100,4.34,overcast clouds
573,Pacifica,US,37.61,-122.49,64.4,93,40,5.14,mist
574,Lata,PT,40.16,-8.33,81.48,39,0,3.86,clear sky
575,Faanui,PF,-16.48,-151.75,77.34,75,18,10.27,light rain
576,Gloversville,US,43.05,-74.34,61.03,76,100,2.06,overcast clouds
577,Sindor,RU,62.86,51.89,42.55,92,100,3.09,overcast clouds
578,Port Lincoln,AU,-34.73,135.87,55.09,92,3,3.47,clear sky
579,Mirnyy,RU,62.54,113.96,29.84,77,100,5.73,overcast clouds
580,Hofn,IS,64.25,-15.21,46.42,53,20,5.66,few clouds
581,Gorontalo,ID,0.54,123.06,74.86,95,68,1.28,broken clouds
582,Lamar,US,33.67,-95.58,79.9,46,0,2.57,clear sky
583,Vila Velha,BR,-20.33,-40.29,80.55,76,40,5.66,scattered clouds
584,Constitucion,CL,-35.33,-72.42,58.89,64,3,4.2,clear sky
585,Sabha,LY,27.04,14.43,82.94,23,0,5.85,clear sky
586,Meiganga,CM,6.52,14.3,72.82,88,98,0.91,light rain
587,Banchory,GB,57.05,-2.49,52.36,82,100,4.08,overcast clouds
588,Homer,US,59.64,-151.55,52.77,76,100,6.26,overcast clouds
589,Ayagoz,KZ,47.97,80.44,37.26,37,2,4.8,clear sky
590,Behat,IN,30.17,77.62,76.1,82,31,2.73,scattered clouds
591,Bend,US,44.06,-121.32,63.99,55,0,2.06,haze
592,Port Hedland,AU,-20.32,118.57,66.25,94,0,3.6,clear sky
593,Akdepe,TM,42.06,59.38,57.29,15,0,4.96,clear sky
594,Huambo,AO,-12.78,15.74,84.45,21,81,1.32,broken clouds
595,Monywa,MM,22.12,95.13,83.17,73,6,1.59,clear sky
596,Rundu,NA,-17.93,19.77,96.76,6,0,4.66,clear sky
597,Maragogi,BR,-9.01,-35.22,83.79,59,53,4.39,broken clouds
598,Kloulklubed,PW,7.04,134.26,75.7,75,73,3.61,broken clouds
599,Vila Franca Do Campo,PT,37.72,-25.43,72.19,79,100,3.59,overcast clouds
600,Lichinga,MZ,-13.31,35.24,73.49,43,3,4.12,smoke
601,Koslan,RU,63.46,48.9,43.41,91,100,3.22,overcast clouds
602,Vawkavysk,BY,53.16,24.45,54.61,69,100,4.9,overcast clouds
603,Los Arabos,CU,22.73,-80.72,84.58,57,17,3.12,moderate rain
604,Holstebro,DK,56.36,8.62,59.05,87,100,11.17,overcast clouds
605,Guilin,CN,25.28,110.29,73.51,64,55,4.18,broken clouds
606,Deder,ET,9.32,41.45,60.17,62,94,0.14,overcast clouds
607,Papagaios,BR,-19.45,-44.75,86.5,41,19,2.39,few clouds
608,Kielce,PL,50.87,20.63,59.81,1,100,3.62,overcast clouds
609,Vynohradivka,UA,45.68,28.57,61.2,42,85,2.7,overcast clouds
610,Taian,CN,36.19,117.12,50.0,73,100,1.7,overcast clouds
611,Kuching,MY,1.55,110.33,77.22,94,20,1.54,few clouds
612,Necochea,AR,-38.55,-58.74,64.18,59,100,3.28,light rain
613,Mega,ET,4.05,38.3,68.94,50,95,5.82,overcast clouds
614,Zhigansk,RU,66.77,123.37,24.21,94,100,1.84,overcast clouds
615,Kaspiyskiy,RU,45.39,47.37,67.15,82,95,1.95,overcast clouds
616,Kudahuvadhoo,MV,2.67,72.89,81.64,77,100,7.92,overcast clouds
617,Ulaangom,MN,49.98,92.07,36.95,47,100,0.93,overcast clouds
618,Jibuti,DJ,11.5,42.5,85.66,43,28,3.74,scattered clouds
619,Srandakan,ID,-7.94,110.25,77.05,84,100,2.64,overcast clouds
620,Kinshasa,CD,-4.32,15.32,91.49,43,98,1.44,overcast clouds
621,Salinopolis,BR,-0.61,-47.36,85.12,63,5,5.53,clear sky
622,Thessalon,CA,46.25,-83.57,62.89,70,100,3.09,overcast clouds
623,Lienz,AT,46.83,12.77,64.89,80,95,1.69,overcast clouds
624,Santa Rosalia,MX,27.32,-112.28,78.1,57,0,0.33,clear sky
625,Khonsa,IN,27.02,95.57,65.64,99,88,1.44,overcast clouds
626,Vilhena,BR,-12.74,-60.15,89.82,48,40,5.14,scattered clouds
627,Sosnovo-Ozerskoye,RU,52.52,111.54,20.59,76,41,2.15,scattered clouds
628,Shu,KZ,43.6,73.76,56.79,25,0,5.94,clear sky
629,Marawi,PH,8.0,124.29,70.21,91,100,1.07,light rain
630,Robinson,US,31.47,-97.11,81.01,44,0,1.54,clear sky
631,Olinda,BR,-8.01,-34.86,82.13,65,40,4.63,scattered clouds
632,Chake Chake,TZ,-5.25,39.77,75.36,82,56,5.7,broken clouds
633,Sangar,RU,63.92,127.47,22.5,81,60,3.09,broken clouds
634,Chodavaram,IN,17.83,82.95,76.84,94,100,1.48,overcast clouds
635,Kathmandu,NP,27.72,85.32,66.42,100,75,1.03,broken clouds
636,Oytal,KZ,42.91,73.27,54.5,46,20,1.76,few clouds
637,Fengkou,CN,30.08,113.27,50.31,87,100,5.32,overcast clouds
638,Kundiawa,PG,-6.02,144.97,60.96,97,100,0.83,overcast clouds
639,Santa Cruz,BO,-17.8,-63.17,89.65,55,40,11.83,scattered clouds
640,Buchanan,LR,5.88,-10.05,79.88,81,99,3.7,overcast clouds
641,Jega,NG,12.22,4.38,94.82,39,73,1.75,broken clouds
642,Cartagena,CO,10.4,-75.51,80.22,83,75,3.09,broken clouds
643,Muli,MV,2.92,73.57,81.59,78,99,8.23,overcast clouds
644,Wewak,PG,-3.55,143.63,80.53,84,99,3.84,overcast clouds
645,Cururupu,BR,-1.83,-44.87,88.57,53,38,3.83,scattered clouds
646,Mumford,GH,5.26,-0.76,79.0,80,45,5.65,scattered clouds
647,Ahipara,NZ,-35.17,173.17,53.04,69,100,7.28,overcast clouds
648,Coro,VE,11.4,-69.67,87.87,64,28,5.12,scattered clouds
649,Fredonia,US,42.44,-79.33,67.08,53,0,2.06,clear sky
650,Talnakh,RU,69.49,88.4,31.21,94,81,2.7,broken clouds
651,Ponta Delgada,PT,37.73,-25.67,73.51,88,75,2.57,light intensity shower rain
652,Magistralnyy,RU,56.17,107.45,26.1,77,37,1.53,scattered clouds
653,Ageyevo,RU,54.16,36.47,46.67,92,94,3.9,light rain
654,Fartura,BR,-23.39,-49.51,81.75,55,0,0.56,clear sky
655,Klaksvik,FO,62.23,-6.59,49.12,79,100,12.87,overcast clouds
656,Beira,MZ,-19.84,34.84,77.09,94,40,5.61,scattered clouds
657,Samfya,ZM,-11.36,29.56,83.19,14,31,2.88,scattered clouds
658,Maldonado,UY,-34.67,-54.92,74.59,49,51,5.49,broken clouds
659,Sakakah,SA,29.97,40.21,96.37,11,62,3.89,broken clouds
660,Port Macquarie,AU,-31.43,152.92,56.89,84,100,1.5,overcast clouds
661,Mayumba,GA,-3.43,10.66,77.4,84,93,4.25,overcast clouds
662,Maniitsoq,GL,65.42,-52.9,34.12,52,9,0.4,clear sky
663,Trinidad,BO,-14.83,-64.9,94.98,43,40,6.17,scattered clouds
664,Duekoue,CI,6.75,-7.35,79.99,87,97,0.96,light rain
665,Ivolginsk,RU,51.75,107.28,29.86,80,40,1.0,scattered clouds
666,Emirdag,TR,39.02,31.15,55.36,72,84,1.15,moderate rain
667,Ulladulla,AU,-35.35,150.47,56.3,92,100,4.87,light rain
668,Eyl,SO,7.98,49.82,79.07,76,62,8.94,broken clouds
669,Berlevag,NO,70.86,29.09,44.4,75,0,4.12,clear sky
670,Raton,US,36.9,-104.44,52.05,97,100,2.06,heavy intensity rain
671,Cobourg,DE,50.27,10.97,64.38,78,100,0.45,overcast clouds
672,Tabou,CI,4.42,-7.35,80.2,79,56,3.65,light rain
673,Lethem,GY,3.38,-59.8,91.02,52,89,0.97,overcast clouds
674,Dudinka,RU,69.41,86.18,31.62,94,99,3.27,overcast clouds
675,Qasigiannguit,GL,68.82,-51.19,28.65,65,12,2.13,few clouds
676,Arco,IT,45.92,10.89,72.99,68,55,1.77,broken clouds
677,Abha,SA,18.22,42.51,73.65,17,40,6.69,scattered clouds
678,Batticaloa,LK,7.71,81.69,81.09,77,100,3.92,overcast clouds
679,Jiexiu,CN,37.02,111.91,48.51,86,100,1.4,overcast clouds
680,Cairns,AU,-16.92,145.77,73.35,92,100,3.6,overcast clouds
681,Varzea Da Palma,BR,-17.6,-44.73,86.05,45,76,2.82,broken clouds
682,Porto Novo,BJ,6.5,2.6,84.02,66,86,4.82,overcast clouds
683,Singaparna,ID,-7.35,108.11,70.88,96,100,0.34,overcast clouds
684,Glossop,GB,53.44,-1.95,56.98,77,99,7.45,overcast clouds
685,Safaga,EG,26.73,33.94,85.95,55,8,4.1,clear sky
686,Sao Joao Da Barra,BR,-21.64,-41.05,75.29,84,100,3.31,overcast clouds
687,Kasempa,ZM,-13.46,25.83,84.88,13,9,2.46,clear sky
688,Elizabeth City,US,36.29,-76.25,59.02,86,100,4.12,overcast clouds
689,Entre Rios,BR,-11.94,-38.08,90.86,35,0,4.35,clear sky
690,Ayr,GB,55.46,-4.63,53.58,71,40,7.72,scattered clouds
691,Turbat,PK,26.0,63.04,84.58,53,0,3.44,clear sky
692,Tsybli,UA,49.99,31.56,51.42,78,100,2.48,overcast clouds
693,Moroni,KM,-11.7,43.26,75.24,80,58,0.18,broken clouds
694,Alyangula,AU,-13.85,136.42,78.58,78,67,2.39,broken clouds
695,Tobol,KZ,52.68,62.58,50.05,24,100,3.8,overcast clouds
696,Puerto Carreno,CO,6.19,-67.49,87.78,66,40,2.06,scattered clouds
697,Saint-Joseph,RE,-21.37,55.62,70.18,76,13,4.42,few clouds
698,Tabuk,PH,17.42,121.44,74.52,92,47,0.91,scattered clouds
699,Marrakesh,MA,31.63,-8.01,85.37,22,100,2.24,overcast clouds
700,Singaraja,ID,-8.11,115.09,79.16,82,91,3.18,overcast clouds
701,Manbij,SY,36.53,37.95,79.68,33,100,3.57,overcast clouds
702,Bara,NG,10.37,10.73,86.95,56,60,1.42,broken clouds
703,Jangaon,IN,17.72,79.18,73.85,99,100,1.89,overcast clouds
704,Ferkessedougou,CI,9.6,-5.2,86.58,61,48,1.91,light rain
705,Sharjah,AE,25.36,55.4,89.58,74,0,4.63,clear sky
706,Ingham,US,42.6,-84.38,70.16,45,0,1.54,clear sky
707,Acapulco,MX,16.86,-99.89,84.02,65,40,0.0,scattered clouds
